,campaign_id,campaign_name,platform,start_date,end_date,users_acquired_count,retention_7d_pct,retention_30d_pct,retention_90d_pct,premium_conversion_pct,nps_score,cac,total_spend,roi,performance_category,hooks,offers,tone,pain_points_emphasized,creative_format
0,70a5592e,Campaign_7431,LinkedIn,2023-01-09,2023-03-12,2425,12.82,10.26,31.98,14.48,-0.7,85.83,37908.92,4.84,Top ROI,Exclusive for members,Buy one get one free,Inspirational,"Highlighting long-term cost savings, Showcasing customization features, Showcasing customer success stories, Demonstrating step-by-step tutorials",static
1,e303f575,Campaign_5143,LinkedIn,2023-10-13,2023-11-12,5359,77.17,28.29,23.05,9.91,5.1,32.46,2526.09,-0.19,Low ROI,Early bird discount,Extended warranty,Humorous,"Highlighting premium customer support, Featuring influencer endorsements, Promoting exclusive membership benefits, Promoting fast delivery services",carousel
2,a3157abc,Campaign_8269,Facebook,2023-06-03,2023-06-24,3505,36.32,48.45,4.12,17.17,15.5,56.72,6518.59,1.51,Top ROI,Unlock your potential,Early access,Inspirational,"Focus on time-saving features, Focusing on family-oriented benefits, Highlighting limited-time offers, Featuring influencer endorsements",video
3,c5897bb9,Campaign_1231,Google Ads,2023-03-12,2023-05-11,7318,78.39,5.25,38.44,19.87,34.2,15.38,17781.52,2.95,Top ROI,Join now and save,Buy one get one free,Urgent,"Showcasing innovative technology, Emphasizing product versatility, Encouraging community engagement, Highlighting budget-friendly options",static
4,c8e82bac,Campaign_2079,Twitter,2023-03-29,2023-06-24,9293,63.85,53.47,20.9,6.94,28.8,62.13,6615.04,1.52,Top ROI,Exclusive for members,Lifetime access,Humorous,"Highlighting long-term cost savings, Promoting exclusive membership benefits, Promoting fast delivery services, Highlighting limited-time offers",video
5,db84e4e1,Campaign_7823,Twitter,2023-04-07,2023-06-05,7069,41.61,10.55,37.32,12.76,60.6,11.09,5596.11,4.36,Top ROI,Upgrade today,Early access,Educational,"Highlighting limited-time offers, Encouraging community engagement, Featuring influencer endorsements, Targeting young professionals",video
6,2ea816b0,Campaign_5735,LinkedIn,2023-10-23,2024-01-06,1257,65.3,63.22,41.74,7.68,44.7,40.32,15529.03,4.28,Top ROI,Exclusive for members,Free shipping,Urgent,"Highlighting eco-friendly products, Promoting charitable contributions, Promoting exclusive membership benefits, Demonstrating ease of use",carousel
7,283584b1,Campaign_6094,Twitter,2023-09-24,2023-11-07,372,47.87,67.68,16.15,12.32,25.8,25.62,41875.05,0.2,Low ROI,Boost your career,Free upgrade,Inspirational,"Showcasing customization features, Featuring influencer endorsements, Showcasing behind-the-scenes content, Encouraging community engagement",carousel
8,c65e7544,Campaign_9846,Instagram,2023-08-29,2023-09-11,7573,15.81,11.87,20.11,7.79,29.8,83.37,13490.09,0.12,Low ROI,Limited time offer,Free shipping,Motivational,"Focusing on health and wellness benefits, Highlighting budget-friendly options, Emphasizing product versatility, Highlighting long-term cost savings",carousel
9,b2fda5f8,Campaign_5919,LinkedIn,2023-01-28,2023-04-08,7825,59.01,69.57,8.39,14.01,-1.6,59.9,6092.36,4.8,Top ROI,Limited time offer,Early access,Urgent,"Showcasing customer success stories, Demonstrating ease of use, Promoting exclusive membership benefits, Highlighting premium customer support",carousel
10,1b029770,Campaign_4938,Facebook,2023-08-18,2023-11-09,9544,68.4,56.49,26.34,0.96,76.6,35.44,33150.67,1.72,Top ROI,Upgrade today,Early access,Motivational,"Highlighting budget-friendly options, Showcasing behind-the-scenes content, Targeting young professionals, Emphasizing product versatility",carousel
11,ac6286a9,Campaign_5273,Facebook,2023-09-17,2023-09-30,9327,70.66,66.99,42.44,10.47,74.2,62.06,14405.79,2.21,Top ROI,Exclusive for members,Free upgrade,Urgent,"Highlighting long-term cost savings, Showcasing customer success stories, Focus on time-saving features, Promoting seasonal discounts",static
12,d2810305,Campaign_8213,LinkedIn,2023-09-06,2023-12-05,833,76.06,59.15,8.74,5.87,43.4,14.03,20572.89,0.04,Low ROI,Upgrade today,20% off,Urgent,"Emphasizing premium quality, Focus on time-saving features, Showcasing customer success stories, Promoting fast delivery services",carousel
13,7d299d78,Campaign_2656,Google Ads,2023-06-01,2023-07-12,7899,75.17,12.82,19.45,5.79,74.0,59.43,14547.53,-0.09,Low ROI,Boost your career,20% off,Humorous,"Showcasing behind-the-scenes content, Featuring influencer endorsements, Highlighting award-winning status, Highlighting premium customer support",video
14,6e519919,Campaign_1437,Twitter,2023-01-28,2023-04-23,3615,44.71,54.51,39.61,9.82,-7.0,38.18,23114.97,1.15,Low ROI,Don’t miss out,Exclusive bonus,Inspirational,"Showcasing customer success stories, Promoting exclusive membership benefits, Highlighting award-winning status, Targeting young professionals",carousel
15,c3afa37e,Campaign_3221,Facebook,2023-09-20,2023-10-30,2025,21.35,59.29,33.77,5.73,56.6,15.37,46543.9,-0.32,Low ROI,Upgrade today,Free shipping,Reassuring,"Targeting young professionals, Highlighting long-term cost savings, Encouraging community engagement, Focus on time-saving features",video
16,7e1b225b,Campaign_8845,Twitter,2023-04-06,2023-06-04,6795,22.89,47.92,26.33,13.37,43.2,64.52,24209.31,1.59,Top ROI,Upgrade today,First month free,Inspirational,"Highlighting long-term cost savings, Showcasing behind-the-scenes content, Highlighting limited-time offers, Promoting charitable contributions",video
17,e2e2d5d6,Campaign_3882,Twitter,2023-06-14,2023-07-22,864,15.18,67.63,45.62,15.24,27.7,23.65,46428.0,2.16,Top ROI,Early bird discount,Buy one get one free,Urgent,"Featuring influencer endorsements, Highlighting premium customer support, Promoting charitable contributions, Promoting seasonal discounts",static
18,e438854e,Campaign_2148,Instagram,2023-04-21,2023-06-02,353,75.2,61.81,29.64,9.97,64.4,87.79,14604.49,0.12,Low ROI,Limited time offer,Extended warranty,Motivational,"Showcasing customer success stories, Promoting charitable contributions, Promoting fast delivery services, Focusing on family-oriented benefits",carousel
19,a7e9ec33,Campaign_2730,Google Ads,2023-10-25,2024-01-04,1089,60.61,49.02,18.94,6.43,29.7,6.87,10903.97,3.83,Top ROI,Special launch deal,Early access,Urgent,"Promoting charitable contributions, Highlighting budget-friendly options, Showcasing customization features, Highlighting award-winning status",carousel
20,1d11d71a,Campaign_9229,LinkedIn,2023-08-27,2023-10-14,6870,67.69,58.81,45.86,17.95,58.8,62.81,28557.64,4.18,Top ROI,Join now and save,Exclusive bonus,Motivational,"Showcasing innovative technology, Encouraging community engagement, Emphasizing product versatility, Emphasizing premium quality",static
21,738ade39,Campaign_3579,Google Ads,2023-08-13,2023-09-08,8402,65.3,22.36,38.62,13.86,65.7,58.94,28937.77,2.69,Top ROI,Early bird discount,Free shipping,Humorous,"Showcasing customization features, Encouraging community engagement, Promoting exclusive membership benefits, Focusing on health and wellness benefits",video
22,3db24751,Campaign_4294,LinkedIn,2023-07-09,2023-08-31,2682,37.14,9.81,11.67,5.32,49.1,11.81,13785.27,4.0,Top ROI,Exclusive for members,Extended warranty,Inspirational,"Promoting seasonal discounts, Demonstrating ease of use, Highlighting premium customer support, Promoting exclusive membership benefits",carousel
23,4c572ede,Campaign_8284,Twitter,2023-01-24,2023-02-14,8663,50.07,62.47,5.46,12.57,70.0,91.11,27600.89,3.53,Top ROI,Exclusive for members,Free upgrade,Urgent,"Showcasing customization features, Highlighting premium customer support, Showcasing customer success stories, Highlighting award-winning status",video
24,cda60dd9,Campaign_3546,Google Ads,2023-06-04,2023-07-15,5918,21.82,51.44,44.47,9.58,52.6,74.17,10628.37,1.53,Top ROI,Boost your career,Extended warranty,Inspirational,"Highlighting limited-time offers, Demonstrating step-by-step tutorials, Demonstrating ease of use, Highlighting budget-friendly options",carousel
25,be24c468,Campaign_2256,Twitter,2023-03-04,2023-04-03,1267,48.42,66.91,34.69,5.8,-3.9,20.33,43313.6,2.18,Top ROI,Unlock your potential,Lifetime access,Reassuring,"Highlighting premium customer support, Highlighting long-term cost savings, Showcasing behind-the-scenes content, Demonstrating ease of use",carousel
26,785fe2d9,Campaign_2588,Twitter,2023-05-16,2023-06-02,6929,11.48,55.9,2.97,2.09,54.1,66.09,47675.99,4.84,Top ROI,Limited time offer,First month free,Humorous,"Targeting young professionals, Demonstrating step-by-step tutorials, Highlighting budget-friendly options, Highlighting eco-friendly products",video
27,518ae305,Campaign_3973,Facebook,2023-10-13,2023-12-12,6841,59.58,69.67,48.98,4.42,23.7,56.16,40519.2,4.43,Top ROI,Early bird discount,Early access,Educational,"Emphasizing product versatility, Focus on time-saving features, Demonstrating ease of use, Showcasing innovative technology",static
28,9599d3b7,Campaign_5283,Instagram,2023-09-18,2023-10-18,1970,38.21,54.49,9.69,14.65,67.4,78.98,38696.53,2.76,Top ROI,Early bird discount,First month free,Inspirational,"Focus on time-saving features, Promoting seasonal discounts, Highlighting budget-friendly options, Promoting exclusive membership benefits",carousel
29,91ab3cca,Campaign_2246,Instagram,2023-02-25,2023-05-22,9880,19.38,38.17,2.2,1.73,58.2,60.79,33672.07,3.13,Top ROI,Free trial available,First month free,Educational,"Promoting fast delivery services, Showcasing behind-the-scenes content, Showcasing customization features, Encouraging community engagement",video
30,e1cb2cfa,Campaign_2807,Instagram,2023-05-13,2023-07-03,950,56.53,61.01,1.79,2.19,37.9,98.81,29640.36,4.29,Top ROI,Early bird discount,Exclusive bonus,Inspirational,"Promoting exclusive membership benefits, Highlighting long-term cost savings, Promoting fast delivery services, Showcasing behind-the-scenes content",carousel
31,73673f95,Campaign_7344,Instagram,2023-10-12,2023-11-08,708,28.2,9.32,31.25,5.94,57.6,73.95,46529.46,0.45,Low ROI,Don’t miss out,Buy one get one free,Reassuring,"Highlighting eco-friendly products, Encouraging community engagement, Promoting seasonal discounts, Showcasing customization features",carousel
32,e5fb2a90,Campaign_9297,LinkedIn,2023-06-19,2023-07-30,5125,31.44,35.99,44.19,0.66,60.7,84.06,35839.13,2.08,Top ROI,Join now and save,Lifetime access,Motivational,"Emphasizing product versatility, Promoting charitable contributions, Promoting seasonal discounts, Showcasing customization features",video
33,d2c9c71a,Campaign_2145,Instagram,2023-06-03,2023-08-10,4944,69.47,7.48,30.51,13.54,76.5,16.73,47769.51,4.98,Top ROI,Don’t miss out,Extended warranty,Motivational,"Demonstrating ease of use, Promoting exclusive membership benefits, Demonstrating step-by-step tutorials, Promoting charitable contributions",carousel
34,dbb86b34,Campaign_7390,Twitter,2023-07-17,2023-09-28,8246,75.7,54.37,36.05,13.21,61.6,10.07,38744.8,2.47,Top ROI,Upgrade today,20% off,Reassuring,"Promoting exclusive membership benefits, Showcasing customization features, Promoting fast delivery services, Promoting seasonal discounts",carousel
35,f73a83b2,Campaign_9195,Facebook,2023-08-30,2023-11-18,5391,69.73,28.3,30.52,10.88,43.3,97.03,34962.1,1.28,Low ROI,Don’t miss out,Buy one get one free,Urgent,"Highlighting long-term cost savings, Highlighting limited-time offers, Highlighting budget-friendly options, Encouraging community engagement",static
36,de8a4bc8,Campaign_1148,Twitter,2023-07-03,2023-09-09,1977,51.59,38.27,34.52,10.78,21.9,10.2,27531.62,2.7,Top ROI,Free trial available,Cashback offer,Motivational,"Highlighting award-winning status, Promoting fast delivery services, Focusing on family-oriented benefits, Focusing on health and wellness benefits",video
37,5c2efb76,Campaign_9439,Google Ads,2023-02-25,2023-05-04,8788,27.32,63.43,3.51,1.7,71.0,28.44,39960.86,4.27,Top ROI,Special launch deal,Extended warranty,Humorous,"Emphasizing premium quality, Highlighting long-term cost savings, Highlighting premium customer support, Promoting seasonal discounts",carousel
38,d80332c8,Campaign_3119,Instagram,2023-05-09,2023-06-16,4223,73.25,60.03,24.16,17.2,61.4,7.74,5692.41,1.83,Top ROI,Don’t miss out,Free upgrade,Inspirational,"Showcasing customization features, Highlighting long-term cost savings, Promoting seasonal discounts, Showcasing behind-the-scenes content",static
39,6e27f010,Campaign_6988,Twitter,2023-01-13,2023-03-02,2152,14.53,59.17,20.2,1.99,32.3,65.75,6521.67,1.71,Top ROI,Upgrade today,Free upgrade,Inspirational,"Showcasing customer success stories, Highlighting limited-time offers, Highlighting eco-friendly products, Emphasizing premium quality",static
40,343acebe,Campaign_6361,Google Ads,2023-05-14,2023-07-26,9810,16.87,10.7,21.91,4.54,56.1,77.46,29681.77,2.63,Top ROI,Limited time offer,Lifetime access,Motivational,"Emphasizing product versatility, Demonstrating ease of use, Focus on time-saving features, Showcasing customer success stories",static
41,737bc39c,Campaign_6095,Google Ads,2023-05-12,2023-08-07,7690,64.51,11.25,29.1,5.19,38.7,89.99,12397.86,2.29,Top ROI,Free trial available,20% off,Urgent,"Highlighting limited-time offers, Focusing on health and wellness benefits, Targeting young professionals, Showcasing customization features",video
42,79b45f22,Campaign_7487,Twitter,2023-04-20,2023-07-04,9048,53.98,16.09,1.54,13.71,72.3,10.14,20536.55,3.25,Top ROI,Unlock your potential,Cashback offer,Inspirational,"Targeting young professionals, Highlighting eco-friendly products, Emphasizing product versatility, Focusing on family-oriented benefits",carousel
43,b6e7d477,Campaign_7285,Facebook,2023-05-11,2023-07-21,296,54.64,26.4,26.66,13.37,-6.6,80.33,8906.83,0.3,Low ROI,Early bird discount,Lifetime access,Humorous,"Promoting seasonal discounts, Showcasing behind-the-scenes content, Highlighting eco-friendly products, Demonstrating ease of use",carousel
44,07714255,Campaign_1829,Facebook,2023-01-01,2023-02-14,5997,61.03,60.36,14.24,14.48,42.3,73.47,20557.46,2.0,Top ROI,Special launch deal,Free upgrade,Urgent,"Focus on time-saving features, Focusing on family-oriented benefits, Showcasing customization features, Highlighting eco-friendly products",video
45,0a698c09,Campaign_2119,Twitter,2023-05-21,2023-08-09,2219,34.57,43.43,37.54,8.47,38.9,26.76,39624.83,4.13,Top ROI,Don’t miss out,Early access,Motivational,"Promoting charitable contributions, Highlighting budget-friendly options, Promoting seasonal discounts, Showcasing behind-the-scenes content",video
46,01dc72d4,Campaign_1576,Twitter,2023-08-13,2023-11-09,3539,78.12,32.4,31.57,18.1,25.0,91.65,49259.12,2.2,Top ROI,Don’t miss out,Buy one get one free,Motivational,"Highlighting long-term cost savings, Demonstrating step-by-step tutorials, Highlighting budget-friendly options, Focusing on health and wellness benefits",static
47,16743519,Campaign_4114,LinkedIn,2023-10-07,2023-11-30,7564,32.33,19.58,17.65,9.34,63.2,37.83,19829.3,4.08,Top ROI,Exclusive for members,20% off,Inspirational,"Promoting seasonal discounts, Promoting charitable contributions, Promoting fast delivery services, Highlighting limited-time offers",static
48,797fb3c0,Campaign_1721,Google Ads,2023-04-05,2023-06-23,8780,33.99,58.66,33.04,7.72,75.5,85.43,12595.64,0.98,Low ROI,Join now and save,First month free,Educational,"Emphasizing product versatility, Promoting seasonal discounts, Targeting young professionals, Promoting charitable contributions",carousel
49,801d037a,Campaign_4723,LinkedIn,2023-07-01,2023-09-14,374,12.34,37.46,23.93,10.39,16.5,2.96,20976.18,4.3,Top ROI,Early bird discount,20% off,Inspirational,"Showcasing customization features, Showcasing customer success stories, Highlighting eco-friendly products, Focusing on family-oriented benefits",video
50,6ee55383,Campaign_7383,Facebook,2023-05-07,2023-08-05,7966,73.69,49.78,9.98,5.15,53.2,4.15,42384.93,4.31,Top ROI,Unlock your potential,Early access,Motivational,"Focusing on health and wellness benefits, Highlighting eco-friendly products, Highlighting budget-friendly options, Promoting seasonal discounts",carousel
51,9bbd2318,Campaign_9582,Instagram,2023-08-22,2023-09-07,7279,25.1,53.33,28.16,13.43,25.2,8.08,14958.17,-0.33,Low ROI,Limited time offer,Extended warranty,Inspirational,"Demonstrating step-by-step tutorials, Showcasing innovative technology, Focusing on health and wellness benefits, Promoting charitable contributions",static
52,c8fb1fe3,Campaign_9568,Twitter,2023-07-08,2023-09-09,8106,12.89,7.18,22.0,5.05,65.8,96.74,41792.12,2.94,Top ROI,Free trial available,Early access,Reassuring,"Highlighting premium customer support, Highlighting award-winning status, Showcasing behind-the-scenes content, Promoting fast delivery services",carousel
53,3281114a,Campaign_5126,Facebook,2023-04-07,2023-05-13,709,58.38,33.74,29.12,10.16,55.5,82.38,14284.78,3.66,Top ROI,Unlock your potential,Free upgrade,Reassuring,"Focus on time-saving features, Demonstrating ease of use, Showcasing customization features, Showcasing behind-the-scenes content",video
54,c867fca1,Campaign_7628,Twitter,2023-07-22,2023-08-02,349,21.43,8.17,21.66,5.42,16.3,43.55,45816.7,1.92,Top ROI,Exclusive for members,Exclusive bonus,Motivational,"Showcasing innovative technology, Promoting seasonal discounts, Highlighting long-term cost savings, Highlighting award-winning status",static
55,34ee9d4d,Campaign_9721,Facebook,2023-08-04,2023-08-14,7628,45.61,63.95,10.14,16.55,-9.2,96.47,45906.29,1.61,Top ROI,Unlock your potential,Free shipping,Humorous,"Focusing on health and wellness benefits, Emphasizing product versatility, Showcasing innovative technology, Demonstrating step-by-step tutorials",carousel
56,baceb187,Campaign_7328,Google Ads,2023-04-26,2023-07-23,648,38.68,45.87,3.88,13.63,42.1,69.41,33932.81,2.68,Top ROI,Unlock your potential,Free upgrade,Humorous,"Demonstrating ease of use, Showcasing innovative technology, Promoting exclusive membership benefits, Showcasing behind-the-scenes content",static
57,417fba49,Campaign_7938,Instagram,2023-04-22,2023-06-29,4623,23.77,46.57,46.46,3.58,9.9,62.05,24944.16,4.63,Top ROI,Boost your career,First month free,Humorous,"Highlighting premium customer support, Showcasing innovative technology, Promoting seasonal discounts, Demonstrating step-by-step tutorials",carousel
58,db950c3a,Campaign_9174,Twitter,2023-01-04,2023-03-06,9687,43.41,41.63,24.37,1.47,67.5,89.14,14768.94,1.07,Low ROI,Special launch deal,Early access,Inspirational,"Featuring influencer endorsements, Showcasing customer success stories, Focusing on health and wellness benefits, Highlighting award-winning status",static
59,6eddf462,Campaign_3262,Twitter,2023-08-27,2023-11-13,7589,73.28,40.59,10.67,6.77,-0.6,98.85,37169.0,3.89,Top ROI,Free trial available,20% off,Reassuring,"Showcasing behind-the-scenes content, Emphasizing premium quality, Showcasing customer success stories, Targeting young professionals",static
60,ab422b71,Campaign_2965,LinkedIn,2023-02-03,2023-02-17,308,61.07,38.35,42.32,4.42,28.0,57.16,40309.94,1.33,Low ROI,Join now and save,Lifetime access,Educational,"Encouraging community engagement, Featuring influencer endorsements, Highlighting premium customer support, Highlighting long-term cost savings",carousel
61,9f3db69d,Campaign_2647,Google Ads,2023-02-21,2023-05-14,1395,48.61,34.21,42.06,14.73,5.5,83.7,15291.21,1.65,Top ROI,Unlock your potential,Exclusive bonus,Reassuring,"Featuring influencer endorsements, Showcasing customization features, Emphasizing premium quality, Highlighting limited-time offers",video
62,35375710,Campaign_2235,Instagram,2023-04-18,2023-07-09,7167,72.36,6.28,46.98,13.36,18.1,35.12,6267.23,4.75,Top ROI,Boost your career,Exclusive bonus,Educational,"Emphasizing premium quality, Demonstrating ease of use, Targeting young professionals, Highlighting budget-friendly options",static
63,27beecf5,Campaign_4685,Instagram,2023-01-02,2023-03-05,5461,19.17,55.73,32.65,17.68,77.2,22.74,16731.6,0.67,Low ROI,Unlock your potential,First month free,Humorous,"Focus on time-saving features, Highlighting budget-friendly options, Targeting young professionals, Showcasing customer success stories",static
64,2d88bc80,Campaign_3111,Google Ads,2023-10-28,2023-12-09,896,21.33,50.05,45.44,5.07,70.9,82.61,41869.55,1.5,Top ROI,Don’t miss out,Exclusive bonus,Reassuring,"Featuring influencer endorsements, Promoting exclusive membership benefits, Emphasizing premium quality, Emphasizing product versatility",static
65,2c8c1c73,Campaign_9763,LinkedIn,2023-01-26,2023-03-30,8966,29.29,32.36,25.66,8.35,24.3,49.29,38502.08,1.2,Low ROI,Early bird discount,Free upgrade,Inspirational,"Showcasing behind-the-scenes content, Showcasing customer success stories, Highlighting award-winning status, Demonstrating ease of use",carousel
66,411f4c4a,Campaign_1538,Facebook,2023-04-25,2023-06-20,2149,68.79,69.68,17.82,7.01,41.4,17.96,8423.67,3.57,Top ROI,Early bird discount,Free upgrade,Inspirational,"Highlighting budget-friendly options, Promoting exclusive membership benefits, Featuring influencer endorsements, Focusing on family-oriented benefits",video
67,ba9d44f2,Campaign_6186,Instagram,2023-04-29,2023-07-13,1623,71.4,51.08,13.53,0.59,76.7,90.96,28203.84,1.38,Low ROI,Join now and save,Free shipping,Reassuring,"Highlighting budget-friendly options, Showcasing behind-the-scenes content, Showcasing customer success stories, Promoting exclusive membership benefits",video
68,cd32393d,Campaign_2989,Facebook,2023-04-06,2023-05-18,3498,11.67,68.17,32.1,17.14,-3.3,69.35,10382.55,1.3,Low ROI,Unlock your potential,Early access,Reassuring,"Showcasing customization features, Highlighting award-winning status, Promoting fast delivery services, Promoting seasonal discounts",carousel
69,4c64dae0,Campaign_4834,Instagram,2023-01-06,2023-02-28,5047,71.78,53.81,39.56,17.02,63.4,93.42,46092.81,2.54,Top ROI,Don’t miss out,Free upgrade,Educational,"Highlighting eco-friendly products, Emphasizing premium quality, Highlighting long-term cost savings, Promoting charitable contributions",carousel
70,2e36e54b,Campaign_3583,Facebook,2023-04-23,2023-06-20,2054,12.69,35.98,2.66,15.84,39.7,82.37,44509.78,3.5,Top ROI,Limited time offer,20% off,Inspirational,"Showcasing customer success stories, Highlighting budget-friendly options, Focusing on health and wellness benefits, Demonstrating ease of use",carousel
71,df5b4000,Campaign_7836,Instagram,2023-08-02,2023-08-31,6365,69.09,6.77,42.4,2.37,76.7,52.08,37413.32,2.47,Top ROI,Free trial available,First month free,Urgent,"Highlighting eco-friendly products, Emphasizing premium quality, Focusing on family-oriented benefits, Showcasing behind-the-scenes content",carousel
72,d70ff40a,Campaign_3925,LinkedIn,2023-05-27,2023-06-11,4509,40.32,29.92,21.79,4.62,76.3,72.47,33912.59,2.47,Top ROI,Exclusive for members,Buy one get one free,Educational,"Showcasing customer success stories, Emphasizing product versatility, Demonstrating ease of use, Showcasing customization features",static
73,96eb366e,Campaign_5413,Google Ads,2023-08-27,2023-09-28,8059,62.87,47.36,25.24,18.84,53.0,78.83,12571.95,3.97,Top ROI,Upgrade today,Exclusive bonus,Motivational,"Demonstrating ease of use, Promoting charitable contributions, Showcasing customization features, Promoting seasonal discounts",video
74,b9f42801,Campaign_6637,Google Ads,2023-10-03,2023-10-23,8963,40.92,11.58,14.06,8.46,70.9,75.98,31441.5,3.84,Top ROI,Exclusive for members,Buy one get one free,Humorous,"Highlighting limited-time offers, Promoting fast delivery services, Emphasizing product versatility, Demonstrating step-by-step tutorials",static
75,82448a3d,Campaign_6552,Twitter,2023-02-18,2023-05-10,8838,13.51,8.71,25.62,15.0,78.4,5.96,3843.55,-0.19,Low ROI,Special launch deal,Exclusive bonus,Urgent,"Showcasing innovative technology, Highlighting limited-time offers, Promoting seasonal discounts, Focusing on health and wellness benefits",carousel
76,42167ff0,Campaign_4445,LinkedIn,2023-05-08,2023-06-03,9230,39.67,31.35,37.79,5.66,53.7,16.96,5148.65,4.86,Top ROI,Boost your career,20% off,Reassuring,"Promoting charitable contributions, Highlighting long-term cost savings, Promoting seasonal discounts, Showcasing behind-the-scenes content",static
77,fdbb22af,Campaign_3368,Google Ads,2023-01-16,2023-03-20,8249,43.76,66.53,14.24,16.3,70.6,66.94,31519.62,1.35,Low ROI,Upgrade today,Buy one get one free,Educational,"Highlighting premium customer support, Highlighting eco-friendly products, Highlighting award-winning status, Emphasizing premium quality",carousel
78,8ac3463c,Campaign_9967,Twitter,2023-08-11,2023-09-10,4630,37.96,23.1,4.46,19.99,77.3,15.16,49923.23,4.72,Top ROI,Don’t miss out,First month free,Motivational,"Showcasing customization features, Promoting exclusive membership benefits, Encouraging community engagement, Emphasizing premium quality",static
79,0bc24742,Campaign_7233,Facebook,2023-09-08,2023-12-03,4720,29.25,61.16,20.13,4.02,37.3,98.56,35873.36,0.53,Low ROI,Boost your career,Exclusive bonus,Reassuring,"Highlighting eco-friendly products, Promoting seasonal discounts, Promoting exclusive membership benefits, Emphasizing product versatility",static
80,2e553b2e,Campaign_9068,Google Ads,2023-10-10,2023-12-29,7993,67.2,10.47,20.35,6.68,74.1,64.87,18155.65,-0.45,Low ROI,Early bird discount,Exclusive bonus,Educational,"Encouraging community engagement, Featuring influencer endorsements, Focus on time-saving features, Focusing on health and wellness benefits",video
81,95c49293,Campaign_5410,Google Ads,2023-09-26,2023-11-15,5596,38.92,68.62,15.44,18.08,5.8,73.41,9805.95,0.89,Low ROI,Exclusive for members,20% off,Humorous,"Promoting fast delivery services, Emphasizing premium quality, Promoting charitable contributions, Promoting seasonal discounts",carousel
82,df3e0f5a,Campaign_6012,LinkedIn,2023-08-12,2023-10-26,8388,24.19,57.85,47.84,4.94,41.3,50.35,23039.66,3.86,Top ROI,Early bird discount,Lifetime access,Urgent,"Showcasing customer success stories, Targeting young professionals, Showcasing behind-the-scenes content, Focus on time-saving features",static
83,f7e2ba2f,Campaign_3518,Twitter,2023-07-09,2023-07-27,4476,27.2,28.4,23.77,5.12,75.4,99.19,12146.97,2.63,Top ROI,Boost your career,Lifetime access,Educational,"Highlighting long-term cost savings, Focus on time-saving features, Promoting seasonal discounts, Focusing on health and wellness benefits",static
84,41c9425d,Campaign_8477,Facebook,2023-03-10,2023-05-14,1828,73.36,60.14,37.59,1.1,-3.6,63.74,39289.52,0.09,Low ROI,Boost your career,Free upgrade,Humorous,"Emphasizing premium quality, Promoting charitable contributions, Encouraging community engagement, Highlighting budget-friendly options",static
85,5c7bc2a3,Campaign_4858,Instagram,2023-07-05,2023-07-16,3601,34.58,56.05,16.27,7.81,28.2,7.04,9537.04,2.94,Top ROI,Early bird discount,20% off,Humorous,"Focusing on family-oriented benefits, Demonstrating step-by-step tutorials, Promoting charitable contributions, Promoting fast delivery services",static
86,77dea26b,Campaign_5853,Google Ads,2023-05-24,2023-07-12,9231,24.87,43.56,30.0,11.15,-1.0,44.33,13338.03,0.01,Low ROI,Unlock your potential,20% off,Inspirational,"Encouraging community engagement, Emphasizing premium quality, Highlighting eco-friendly products, Highlighting long-term cost savings",video
87,d6ad3855,Campaign_1854,Instagram,2023-03-16,2023-06-07,9088,62.87,39.03,21.36,9.76,21.6,61.6,29329.16,3.94,Top ROI,Join now and save,Exclusive bonus,Urgent,"Highlighting long-term cost savings, Showcasing behind-the-scenes content, Promoting charitable contributions, Focusing on health and wellness benefits",carousel
88,81f663ce,Campaign_5074,Google Ads,2023-10-21,2023-11-29,2869,57.29,47.62,48.41,13.82,13.2,24.94,11471.0,2.11,Top ROI,Upgrade today,First month free,Inspirational,"Showcasing innovative technology, Promoting charitable contributions, Highlighting award-winning status, Highlighting budget-friendly options",static
89,8f4c8552,Campaign_6165,Instagram,2023-08-19,2023-10-25,158,38.12,28.52,38.82,10.91,50.0,97.16,26568.67,3.13,Top ROI,Exclusive for members,First month free,Humorous,"Targeting young professionals, Highlighting premium customer support, Emphasizing premium quality, Highlighting limited-time offers",carousel
90,70ecf3c3,Campaign_3076,Twitter,2023-04-07,2023-05-26,8792,15.05,47.33,46.85,11.47,35.4,98.77,17830.78,2.1,Top ROI,Early bird discount,20% off,Urgent,"Highlighting limited-time offers, Showcasing customer success stories, Emphasizing product versatility, Highlighting premium customer support",static
91,0503684d,Campaign_4168,Facebook,2023-01-01,2023-02-02,7149,59.78,43.46,46.02,9.4,2.5,13.44,29489.8,3.32,Top ROI,Exclusive for members,First month free,Motivational,"Promoting fast delivery services, Showcasing customization features, Focusing on health and wellness benefits, Highlighting long-term cost savings",static
92,5fc9931a,Campaign_3746,Google Ads,2023-04-19,2023-06-16,7222,27.46,27.36,44.36,5.51,57.7,37.1,22541.95,1.96,Top ROI,Join now and save,Free shipping,Urgent,"Highlighting budget-friendly options, Showcasing behind-the-scenes content, Highlighting long-term cost savings, Emphasizing product versatility",carousel
93,b845d92b,Campaign_9646,LinkedIn,2023-09-05,2023-11-01,4397,55.66,44.61,7.0,15.56,0.1,80.86,6862.61,1.81,Top ROI,Boost your career,Extended warranty,Humorous,"Focus on time-saving features, Highlighting limited-time offers, Highlighting eco-friendly products, Focusing on family-oriented benefits",carousel
94,447a3c6b,Campaign_3478,Twitter,2023-03-03,2023-05-04,7505,59.08,69.71,45.26,2.42,52.3,8.8,37293.85,1.97,Top ROI,Boost your career,20% off,Urgent,"Showcasing customer success stories, Highlighting limited-time offers, Highlighting budget-friendly options, Emphasizing premium quality",carousel
95,56fb5c73,Campaign_4145,Twitter,2023-02-19,2023-05-05,4290,11.2,31.42,22.03,3.19,67.8,62.91,36504.8,4.24,Top ROI,Limited time offer,Early access,Motivational,"Encouraging community engagement, Focusing on health and wellness benefits, Highlighting long-term cost savings, Highlighting premium customer support",carousel
96,dce6886c,Campaign_1172,Google Ads,2023-07-15,2023-09-26,3332,28.28,30.39,16.46,13.1,72.3,12.15,17283.35,4.02,Top ROI,Early bird discount,20% off,Educational,"Featuring influencer endorsements, Highlighting budget-friendly options, Highlighting long-term cost savings, Focusing on family-oriented benefits",static
97,4c07eb16,Campaign_8250,Twitter,2023-09-21,2023-11-25,8046,38.86,43.19,1.81,13.18,35.3,8.41,48855.63,0.64,Low ROI,Free trial available,Early access,Inspirational,"Highlighting eco-friendly products, Promoting fast delivery services, Focusing on health and wellness benefits, Featuring influencer endorsements",carousel
98,110228e0,Campaign_6925,Instagram,2023-07-19,2023-08-24,7477,56.78,62.81,39.46,14.26,32.4,81.82,48209.36,3.21,Top ROI,Boost your career,20% off,Motivational,"Focusing on health and wellness benefits, Highlighting premium customer support, Demonstrating step-by-step tutorials, Encouraging community engagement",carousel
99,21183534,Campaign_9677,Google Ads,2023-09-04,2023-11-10,4540,66.77,25.83,48.68,5.81,30.7,41.7,8912.35,0.63,Low ROI,Free trial available,Free shipping,Humorous,"Focus on time-saving features, Emphasizing product versatility, Highlighting eco-friendly products, Targeting young professionals",video
100,18be8472,Campaign_5982,Facebook,2023-07-17,2023-09-30,5891,60.63,9.91,7.96,3.95,28.2,75.01,4983.83,0.05,Low ROI,Early bird discount,Free shipping,Urgent,"Emphasizing product versatility, Promoting fast delivery services, Focusing on family-oriented benefits, Focusing on health and wellness benefits",video
101,4597eea4,Campaign_6666,Instagram,2023-03-02,2023-05-29,8694,34.46,47.27,44.72,12.08,68.4,48.82,40379.09,1.09,Low ROI,Unlock your potential,Buy one get one free,Educational,"Promoting seasonal discounts, Focus on time-saving features, Highlighting eco-friendly products, Showcasing customer success stories",video
102,c0326cd1,Campaign_2036,Twitter,2023-09-13,2023-11-09,8615,18.01,56.1,26.97,8.41,25.8,98.93,10643.69,2.14,Top ROI,Unlock your potential,Free shipping,Urgent,"Showcasing innovative technology, Emphasizing product versatility, Promoting charitable contributions, Showcasing customer success stories",static
103,0e807dfc,Campaign_2870,Google Ads,2023-04-17,2023-05-09,8723,42.07,30.29,42.58,0.83,38.0,92.79,33871.36,3.61,Top ROI,Join now and save,Buy one get one free,Humorous,"Focusing on family-oriented benefits, Highlighting award-winning status, Emphasizing premium quality, Showcasing behind-the-scenes content",static
104,b0cc206a,Campaign_3724,Google Ads,2023-07-27,2023-08-08,1133,58.9,6.6,40.89,12.99,2.2,78.04,38827.84,0.31,Low ROI,Early bird discount,Extended warranty,Inspirational,"Showcasing customer success stories, Promoting charitable contributions, Highlighting budget-friendly options, Targeting young professionals",static
105,f531c044,Campaign_7969,Instagram,2023-08-31,2023-10-20,173,61.44,41.56,19.63,18.54,32.9,31.47,47324.66,2.98,Top ROI,Upgrade today,Free upgrade,Educational,"Showcasing customization features, Highlighting limited-time offers, Encouraging community engagement, Highlighting budget-friendly options",carousel
106,b9b109d7,Campaign_1519,LinkedIn,2023-01-28,2023-02-26,1041,56.77,50.73,13.22,18.12,32.9,64.82,43521.88,1.99,Top ROI,Limited time offer,Exclusive bonus,Inspirational,"Showcasing behind-the-scenes content, Emphasizing product versatility, Highlighting premium customer support, Showcasing customer success stories",carousel
107,f1e3cc45,Campaign_9009,Google Ads,2023-04-26,2023-07-08,1733,23.07,34.77,42.85,4.97,33.2,91.39,29238.29,-0.5,Low ROI,Unlock your potential,First month free,Educational,"Focus on time-saving features, Focusing on health and wellness benefits, Demonstrating ease of use, Demonstrating step-by-step tutorials",static
108,1666e048,Campaign_7290,Instagram,2023-10-25,2024-01-17,9789,75.55,31.91,36.84,4.19,10.2,32.09,5893.64,2.28,Top ROI,Limited time offer,Exclusive bonus,Educational,"Showcasing customization features, Showcasing customer success stories, Promoting charitable contributions, Highlighting eco-friendly products",static
109,7886680b,Campaign_9877,LinkedIn,2023-06-25,2023-08-18,501,34.16,58.03,8.84,11.72,39.4,15.25,47318.66,4.14,Top ROI,Boost your career,Buy one get one free,Reassuring,"Promoting charitable contributions, Promoting fast delivery services, Highlighting budget-friendly options, Showcasing customer success stories",carousel
110,0f9695f0,Campaign_8804,Google Ads,2023-01-14,2023-02-19,4066,60.61,43.92,36.27,17.42,55.0,57.15,653.91,-0.36,Low ROI,Upgrade today,Free upgrade,Inspirational,"Encouraging community engagement, Promoting exclusive membership benefits, Demonstrating ease of use, Showcasing customization features",video
111,3a12eb35,Campaign_8499,LinkedIn,2023-10-17,2024-01-02,2907,47.19,39.74,17.03,16.77,6.3,6.73,8237.27,2.77,Top ROI,Unlock your potential,Early access,Reassuring,"Demonstrating ease of use, Highlighting eco-friendly products, Promoting fast delivery services, Emphasizing premium quality",video
112,762910e8,Campaign_9570,LinkedIn,2023-10-17,2023-12-08,6892,32.87,43.52,37.2,1.48,62.0,79.19,39810.26,4.09,Top ROI,Early bird discount,Early access,Urgent,"Focusing on family-oriented benefits, Promoting exclusive membership benefits, Targeting young professionals, Highlighting budget-friendly options",carousel
113,1b033b5a,Campaign_7487,Twitter,2023-07-17,2023-09-24,4695,21.94,53.2,17.32,13.83,38.8,11.55,32130.84,3.53,Top ROI,Early bird discount,Exclusive bonus,Urgent,"Targeting young professionals, Focus on time-saving features, Highlighting eco-friendly products, Promoting charitable contributions",video
114,39fe71cb,Campaign_3904,Facebook,2023-06-07,2023-07-10,8155,51.65,32.64,36.63,3.94,54.2,46.61,6349.2,3.4,Top ROI,Limited time offer,20% off,Urgent,"Promoting fast delivery services, Emphasizing premium quality, Highlighting limited-time offers, Targeting young professionals",carousel
115,d046fd00,Campaign_4165,Facebook,2023-02-19,2023-03-22,1141,72.16,64.17,4.75,9.75,-5.6,54.86,19360.09,1.21,Low ROI,Don’t miss out,Lifetime access,Motivational,"Showcasing innovative technology, Promoting exclusive membership benefits, Highlighting award-winning status, Highlighting eco-friendly products",video
116,7d3a2e47,Campaign_4371,Twitter,2023-02-25,2023-04-14,4895,54.42,42.01,18.45,12.14,35.1,30.54,36783.36,0.95,Low ROI,Early bird discount,Exclusive bonus,Inspirational,"Emphasizing product versatility, Showcasing innovative technology, Promoting exclusive membership benefits, Showcasing behind-the-scenes content",static
117,992968e3,Campaign_9606,Facebook,2023-06-23,2023-07-23,1400,64.17,51.01,31.0,19.0,14.2,70.37,46576.03,2.93,Top ROI,Limited time offer,Extended warranty,Inspirational,"Promoting seasonal discounts, Showcasing customer success stories, Focus on time-saving features, Highlighting long-term cost savings",static
118,88907c61,Campaign_3388,LinkedIn,2023-10-02,2023-12-05,8780,52.26,65.9,49.77,4.2,59.8,5.03,42177.12,3.58,Top ROI,Unlock your potential,Cashback offer,Motivational,"Targeting young professionals, Highlighting eco-friendly products, Focusing on family-oriented benefits, Showcasing customer success stories",video
119,20a2a833,Campaign_8314,Facebook,2023-06-21,2023-09-08,5508,77.56,43.55,28.48,1.04,14.8,24.84,46283.77,4.05,Top ROI,Boost your career,Buy one get one free,Educational,"Highlighting eco-friendly products, Focusing on family-oriented benefits, Showcasing behind-the-scenes content, Promoting exclusive membership benefits",static
120,f83de8b9,Campaign_1794,LinkedIn,2023-06-30,2023-08-04,9368,76.13,65.68,6.59,10.01,61.2,52.66,36184.63,3.04,Top ROI,Unlock your potential,Lifetime access,Inspirational,"Showcasing innovative technology, Focus on time-saving features, Showcasing customer success stories, Demonstrating ease of use",static
121,e3ad5e82,Campaign_9886,Facebook,2023-02-20,2023-03-09,2219,16.58,42.28,3.46,8.54,50.1,77.07,32736.32,3.95,Top ROI,Exclusive for members,Extended warranty,Humorous,"Highlighting premium customer support, Showcasing behind-the-scenes content, Promoting exclusive membership benefits, Promoting fast delivery services",video
122,fd9e40dc,Campaign_6912,LinkedIn,2023-09-16,2023-11-22,9840,56.14,61.98,3.07,12.45,64.8,22.88,20988.09,3.59,Top ROI,Don’t miss out,Cashback offer,Humorous,"Highlighting premium customer support, Focusing on health and wellness benefits, Showcasing innovative technology, Promoting exclusive membership benefits",carousel
123,73b6cde6,Campaign_9181,Facebook,2023-09-10,2023-10-02,5638,17.06,23.55,21.65,2.32,51.2,61.95,42924.32,4.16,Top ROI,Exclusive for members,Free shipping,Reassuring,"Showcasing customer success stories, Promoting seasonal discounts, Focusing on family-oriented benefits, Highlighting long-term cost savings",static
124,68ecf298,Campaign_2364,Google Ads,2023-01-10,2023-02-21,5055,69.15,11.07,12.89,11.35,17.1,83.17,13809.71,0.69,Low ROI,Upgrade today,Free shipping,Inspirational,"Emphasizing premium quality, Demonstrating ease of use, Highlighting budget-friendly options, Promoting charitable contributions",carousel
125,507de47b,Campaign_9614,Facebook,2023-08-08,2023-10-01,4935,16.45,38.75,16.97,4.22,-0.2,84.51,19124.79,3.93,Top ROI,Upgrade today,Free shipping,Humorous,"Emphasizing product versatility, Targeting young professionals, Showcasing behind-the-scenes content, Promoting charitable contributions",video
126,9f698148,Campaign_5266,Instagram,2023-07-19,2023-10-05,4614,41.23,41.82,3.13,12.93,61.2,43.52,18237.82,-0.03,Low ROI,Exclusive for members,Free upgrade,Inspirational,"Highlighting budget-friendly options, Showcasing behind-the-scenes content, Promoting charitable contributions, Highlighting limited-time offers",carousel
127,d642e45f,Campaign_9664,Google Ads,2023-10-21,2023-11-08,2230,58.48,17.57,42.92,18.06,48.4,81.24,35618.98,4.57,Top ROI,Special launch deal,Early access,Inspirational,"Showcasing behind-the-scenes content, Targeting young professionals, Promoting charitable contributions, Promoting exclusive membership benefits",video
128,5088904d,Campaign_7123,LinkedIn,2023-10-10,2024-01-02,7188,36.69,6.57,2.4,1.76,0.8,26.84,47531.52,3.05,Top ROI,Free trial available,Buy one get one free,Reassuring,"Promoting fast delivery services, Highlighting award-winning status, Demonstrating ease of use, Demonstrating step-by-step tutorials",carousel
129,c1f1e318,Campaign_1423,Google Ads,2023-02-23,2023-04-19,2446,23.46,45.0,13.25,10.52,8.6,52.18,46881.47,3.52,Top ROI,Don’t miss out,20% off,Inspirational,"Focusing on health and wellness benefits, Highlighting limited-time offers, Promoting charitable contributions, Promoting fast delivery services",carousel
130,ad8debcb,Campaign_2448,Google Ads,2023-03-28,2023-05-16,6365,26.65,33.2,1.4,18.91,79.1,36.01,24398.91,4.34,Top ROI,Exclusive for members,Buy one get one free,Educational,"Showcasing customer success stories, Promoting exclusive membership benefits, Highlighting budget-friendly options, Focusing on health and wellness benefits",static
131,2e90c028,Campaign_2351,Google Ads,2023-08-14,2023-09-24,5739,68.26,56.34,9.76,11.16,43.3,83.29,28756.07,4.45,Top ROI,Don’t miss out,20% off,Reassuring,"Emphasizing product versatility, Showcasing customization features, Demonstrating ease of use, Highlighting budget-friendly options",video
132,23231d13,Campaign_6226,LinkedIn,2023-07-17,2023-10-13,4790,14.22,69.69,4.17,6.05,57.3,89.69,19356.7,4.08,Top ROI,Don’t miss out,Early access,Motivational,"Showcasing behind-the-scenes content, Featuring influencer endorsements, Highlighting eco-friendly products, Highlighting long-term cost savings",carousel
133,41474b8b,Campaign_7288,Twitter,2023-07-07,2023-10-03,3939,55.76,6.12,10.58,6.31,-4.1,64.36,8774.77,1.0,Low ROI,Boost your career,Extended warranty,Inspirational,"Encouraging community engagement, Highlighting premium customer support, Featuring influencer endorsements, Promoting exclusive membership benefits",video
134,62bee84a,Campaign_2477,Instagram,2023-05-26,2023-07-26,7933,42.58,36.38,36.83,17.28,51.8,15.98,3328.11,0.85,Low ROI,Boost your career,Free upgrade,Inspirational,"Focusing on family-oriented benefits, Promoting seasonal discounts, Emphasizing premium quality, Focus on time-saving features",carousel
135,ef48f55c,Campaign_3438,Twitter,2023-01-24,2023-04-16,1109,18.23,62.27,35.11,5.88,32.3,60.81,34290.8,2.22,Top ROI,Don’t miss out,Free upgrade,Reassuring,"Promoting fast delivery services, Focus on time-saving features, Promoting exclusive membership benefits, Focusing on family-oriented benefits",carousel
136,c8129b85,Campaign_6408,Google Ads,2023-02-23,2023-03-22,1465,34.6,34.35,8.85,3.6,73.3,42.4,20101.84,4.93,Top ROI,Free trial available,Buy one get one free,Reassuring,"Emphasizing premium quality, Highlighting premium customer support, Highlighting long-term cost savings, Highlighting limited-time offers",carousel
137,74b6c583,Campaign_5877,LinkedIn,2023-04-27,2023-07-01,5057,22.68,21.22,32.15,10.16,63.4,46.95,43225.62,2.19,Top ROI,Free trial available,20% off,Inspirational,"Highlighting budget-friendly options, Focusing on health and wellness benefits, Promoting charitable contributions, Demonstrating ease of use",carousel
138,d6585703,Campaign_3415,LinkedIn,2023-08-19,2023-09-02,5612,79.67,38.13,26.59,1.2,10.1,26.22,22318.76,0.88,Low ROI,Early bird discount,First month free,Educational,"Highlighting budget-friendly options, Highlighting eco-friendly products, Highlighting limited-time offers, Promoting seasonal discounts",video
139,c5b93b38,Campaign_1193,Instagram,2023-01-13,2023-02-10,640,20.57,27.71,46.75,11.28,48.6,18.42,11520.36,3.73,Top ROI,Join now and save,Buy one get one free,Humorous,"Highlighting long-term cost savings, Showcasing customer success stories, Promoting seasonal discounts, Focusing on family-oriented benefits",static
140,557a94c1,Campaign_9778,LinkedIn,2023-05-22,2023-08-13,775,19.32,17.47,37.2,4.43,23.2,15.94,1572.82,2.64,Top ROI,Early bird discount,Buy one get one free,Urgent,"Showcasing customer success stories, Highlighting award-winning status, Highlighting budget-friendly options, Featuring influencer endorsements",static
141,cc7dd88b,Campaign_8747,Facebook,2023-02-23,2023-04-18,9789,41.25,55.69,29.47,8.07,9.2,52.91,32462.44,4.78,Top ROI,Upgrade today,20% off,Urgent,"Emphasizing premium quality, Highlighting limited-time offers, Showcasing innovative technology, Promoting charitable contributions",static
142,aeede12c,Campaign_2116,Facebook,2023-10-07,2023-11-13,8160,47.04,44.11,29.33,13.88,61.9,23.56,3472.79,0.27,Low ROI,Limited time offer,Extended warranty,Reassuring,"Promoting exclusive membership benefits, Featuring influencer endorsements, Showcasing customization features, Focusing on family-oriented benefits",video
143,0ac4afa2,Campaign_9187,Twitter,2023-08-31,2023-11-03,1550,21.0,53.77,30.76,4.93,1.1,82.23,5654.02,0.69,Low ROI,Free trial available,Buy one get one free,Humorous,"Focusing on health and wellness benefits, Targeting young professionals, Highlighting long-term cost savings, Promoting charitable contributions",video
144,bdf544c6,Campaign_7605,Twitter,2023-09-21,2023-11-17,2614,63.16,65.05,24.7,3.96,64.7,64.11,12770.79,2.03,Top ROI,Early bird discount,20% off,Urgent,"Highlighting premium customer support, Focus on time-saving features, Showcasing customer success stories, Demonstrating step-by-step tutorials",static
145,6a53441d,Campaign_5315,Twitter,2023-06-21,2023-07-04,3898,53.4,12.75,12.69,3.06,-0.6,87.82,20725.78,4.46,Top ROI,Unlock your potential,First month free,Motivational,"Showcasing innovative technology, Emphasizing product versatility, Promoting exclusive membership benefits, Highlighting long-term cost savings",carousel
146,7611a669,Campaign_2743,LinkedIn,2023-01-30,2023-03-18,2687,12.23,43.52,41.02,13.6,55.4,19.06,27936.51,1.46,Low ROI,Join now and save,20% off,Educational,"Showcasing customization features, Focus on time-saving features, Emphasizing premium quality, Promoting fast delivery services",static
147,38f49af4,Campaign_6185,Instagram,2023-03-01,2023-05-17,6287,17.99,35.9,9.83,18.4,59.2,99.32,27957.37,4.45,Top ROI,Don’t miss out,Lifetime access,Urgent,"Emphasizing product versatility, Highlighting award-winning status, Highlighting long-term cost savings, Targeting young professionals",carousel
148,f698efd7,Campaign_9671,Facebook,2023-05-20,2023-07-06,6244,39.92,66.13,28.5,14.03,33.9,48.75,32051.87,2.61,Top ROI,Upgrade today,First month free,Educational,"Showcasing customization features, Demonstrating ease of use, Promoting fast delivery services, Targeting young professionals",video
149,03369b87,Campaign_2977,Google Ads,2023-07-14,2023-08-15,5354,35.7,57.98,28.77,14.78,67.4,60.45,35984.29,3.47,Top ROI,Limited time offer,Free upgrade,Humorous,"Emphasizing premium quality, Highlighting eco-friendly products, Focusing on family-oriented benefits, Promoting seasonal discounts",video
150,858f64af,Campaign_4723,Twitter,2023-04-21,2023-07-01,9606,34.42,24.64,30.14,13.98,68.1,62.97,9827.47,4.33,Top ROI,Boost your career,Free upgrade,Educational,"Emphasizing premium quality, Focusing on health and wellness benefits, Highlighting long-term cost savings, Demonstrating step-by-step tutorials",static
151,1a15dfcb,Campaign_1036,Instagram,2023-08-03,2023-10-03,5403,60.11,54.01,35.64,13.18,-3.3,96.85,49890.22,-0.19,Low ROI,Boost your career,Free upgrade,Urgent,"Promoting exclusive membership benefits, Showcasing behind-the-scenes content, Highlighting award-winning status, Highlighting limited-time offers",video
152,3be81a4e,Campaign_2671,Google Ads,2023-04-25,2023-07-02,3011,40.75,45.01,27.77,2.76,31.0,46.63,29870.31,2.44,Top ROI,Boost your career,Free upgrade,Humorous,"Highlighting limited-time offers, Highlighting premium customer support, Targeting young professionals, Showcasing behind-the-scenes content",video
153,26b34093,Campaign_3162,Google Ads,2023-01-11,2023-01-28,9338,68.32,67.51,6.78,9.27,29.8,10.86,49034.01,4.58,Top ROI,Free trial available,Buy one get one free,Inspirational,"Highlighting budget-friendly options, Highlighting limited-time offers, Highlighting long-term cost savings, Emphasizing premium quality",carousel
154,661f9eb3,Campaign_8431,LinkedIn,2023-08-21,2023-10-07,1872,13.42,5.23,47.3,9.81,9.6,51.37,23472.4,3.14,Top ROI,Free trial available,Exclusive bonus,Urgent,"Focusing on family-oriented benefits, Showcasing customer success stories, Showcasing behind-the-scenes content, Targeting young professionals",static
155,b84eb7f0,Campaign_7821,Facebook,2023-08-26,2023-10-18,465,61.21,53.45,40.51,4.09,-5.6,40.73,28016.78,0.88,Low ROI,Early bird discount,Exclusive bonus,Educational,"Encouraging community engagement, Demonstrating ease of use, Emphasizing premium quality, Highlighting premium customer support",video
156,271eccc7,Campaign_4273,Google Ads,2023-10-12,2023-11-15,8381,52.38,67.53,8.93,15.41,46.1,77.15,6317.2,3.33,Top ROI,Boost your career,Buy one get one free,Inspirational,"Highlighting long-term cost savings, Highlighting limited-time offers, Promoting fast delivery services, Promoting exclusive membership benefits",static
157,1196ff8b,Campaign_3382,Twitter,2023-10-22,2024-01-09,2163,17.12,25.9,48.47,7.25,29.1,25.01,2176.55,0.17,Low ROI,Upgrade today,First month free,Urgent,"Highlighting limited-time offers, Highlighting budget-friendly options, Featuring influencer endorsements, Demonstrating step-by-step tutorials",video
158,a73852de,Campaign_8428,Google Ads,2023-03-02,2023-05-04,5530,34.62,42.73,6.41,1.82,10.4,82.61,29842.9,2.46,Top ROI,Join now and save,Free shipping,Inspirational,"Focusing on family-oriented benefits, Targeting young professionals, Promoting charitable contributions, Highlighting award-winning status",carousel
159,81815975,Campaign_9976,Twitter,2023-07-18,2023-09-30,330,45.49,48.06,28.1,2.13,-6.6,48.2,47041.31,-0.23,Low ROI,Early bird discount,Extended warranty,Educational,"Promoting fast delivery services, Highlighting limited-time offers, Focusing on health and wellness benefits, Showcasing customization features",video
160,8235a116,Campaign_3343,Instagram,2023-09-05,2023-11-20,9448,15.71,30.61,12.8,6.31,54.5,79.62,17756.08,1.97,Top ROI,Unlock your potential,Lifetime access,Educational,"Highlighting eco-friendly products, Showcasing customization features, Featuring influencer endorsements, Highlighting premium customer support",carousel
161,890f83a6,Campaign_5900,LinkedIn,2023-05-14,2023-06-19,272,74.88,5.52,46.7,2.14,1.0,64.87,46433.76,0.73,Low ROI,Limited time offer,Early access,Educational,"Focusing on family-oriented benefits, Targeting young professionals, Emphasizing premium quality, Showcasing behind-the-scenes content",carousel
162,e4748fa1,Campaign_7920,Google Ads,2023-09-14,2023-10-02,6763,17.76,62.53,7.96,8.07,62.0,30.35,22129.99,1.2,Low ROI,Unlock your potential,Exclusive bonus,Motivational,"Highlighting long-term cost savings, Encouraging community engagement, Highlighting budget-friendly options, Promoting exclusive membership benefits",video
163,8a29cac6,Campaign_4119,Google Ads,2023-04-22,2023-05-23,8572,72.98,33.37,17.75,5.99,6.4,57.57,24013.91,2.17,Top ROI,Special launch deal,Exclusive bonus,Inspirational,"Demonstrating ease of use, Encouraging community engagement, Targeting young professionals, Highlighting eco-friendly products",carousel
164,bb2b1ec2,Campaign_9342,Facebook,2023-08-26,2023-09-07,3829,35.43,21.97,3.07,2.66,-2.5,30.48,26484.13,0.0,Low ROI,Exclusive for members,Free shipping,Educational,"Promoting fast delivery services, Emphasizing product versatility, Targeting young professionals, Highlighting budget-friendly options",carousel
165,66177fa3,Campaign_4255,LinkedIn,2023-09-03,2023-11-03,6142,52.62,23.18,33.85,17.12,67.0,1.43,21179.06,0.47,Low ROI,Upgrade today,20% off,Motivational,"Demonstrating step-by-step tutorials, Emphasizing product versatility, Demonstrating ease of use, Highlighting award-winning status",carousel
166,0d56ee94,Campaign_2410,Twitter,2023-08-26,2023-11-18,7839,56.14,52.28,45.77,6.36,72.9,36.78,3053.84,1.14,Low ROI,Unlock your potential,Extended warranty,Educational,"Showcasing behind-the-scenes content, Highlighting limited-time offers, Promoting fast delivery services, Highlighting long-term cost savings",static
167,260db9bf,Campaign_5461,Google Ads,2023-09-23,2023-11-10,8798,33.37,47.02,27.09,5.96,75.6,43.15,20655.26,1.88,Top ROI,Join now and save,Free upgrade,Humorous,"Highlighting eco-friendly products, Emphasizing premium quality, Targeting young professionals, Promoting charitable contributions",static
168,3f293410,Campaign_6932,Instagram,2023-03-16,2023-03-27,8799,38.95,25.95,48.37,15.91,76.9,52.85,42848.48,1.01,Low ROI,Special launch deal,Lifetime access,Humorous,"Highlighting long-term cost savings, Featuring influencer endorsements, Showcasing behind-the-scenes content, Demonstrating ease of use",static
169,c2a18e05,Campaign_8151,Instagram,2023-04-14,2023-07-04,9839,74.99,63.61,5.38,0.91,34.6,3.99,38168.18,3.7,Top ROI,Early bird discount,Cashback offer,Humorous,"Featuring influencer endorsements, Showcasing behind-the-scenes content, Promoting exclusive membership benefits, Highlighting long-term cost savings",static
170,99de6231,Campaign_7750,Google Ads,2023-02-25,2023-05-26,2508,10.83,44.99,49.91,6.79,16.5,78.63,44731.6,-0.36,Low ROI,Limited time offer,Buy one get one free,Inspirational,"Focus on time-saving features, Highlighting eco-friendly products, Promoting charitable contributions, Demonstrating ease of use",video
171,1aebc447,Campaign_8356,Instagram,2023-07-18,2023-08-16,1536,60.56,39.59,6.32,5.84,71.8,71.71,44408.69,1.78,Top ROI,Exclusive for members,Free upgrade,Urgent,"Highlighting premium customer support, Promoting fast delivery services, Encouraging community engagement, Showcasing customization features",carousel
172,21bf6a83,Campaign_7300,Instagram,2023-05-22,2023-06-09,6637,70.22,68.72,26.79,5.08,19.7,43.17,8759.63,4.48,Top ROI,Limited time offer,Exclusive bonus,Urgent,"Showcasing customer success stories, Promoting fast delivery services, Highlighting premium customer support, Featuring influencer endorsements",carousel
173,ead73d44,Campaign_2614,Facebook,2023-10-24,2024-01-02,4504,22.73,27.41,1.87,10.88,65.8,74.96,41176.43,4.58,Top ROI,Special launch deal,Free shipping,Inspirational,"Promoting fast delivery services, Encouraging community engagement, Highlighting long-term cost savings, Focus on time-saving features",video
174,e1eaa9c2,Campaign_5450,Instagram,2023-08-13,2023-09-23,6377,25.62,59.39,26.08,4.65,-7.7,90.45,26745.56,3.09,Top ROI,Upgrade today,Free shipping,Urgent,"Showcasing customer success stories, Showcasing customization features, Highlighting premium customer support, Highlighting long-term cost savings",video
175,ccf0ab53,Campaign_8557,Facebook,2023-03-22,2023-04-26,5677,48.6,11.21,37.2,12.8,51.6,62.05,3908.36,0.75,Low ROI,Unlock your potential,Lifetime access,Inspirational,"Highlighting award-winning status, Highlighting long-term cost savings, Highlighting limited-time offers, Featuring influencer endorsements",static
176,4f0d2c9a,Campaign_1662,LinkedIn,2023-03-19,2023-05-21,1111,58.34,34.08,23.0,0.84,72.2,92.42,49905.84,-0.34,Low ROI,Free trial available,Cashback offer,Educational,"Featuring influencer endorsements, Focus on time-saving features, Targeting young professionals, Promoting charitable contributions",carousel
177,e0a35ef7,Campaign_8673,LinkedIn,2023-05-14,2023-07-02,4735,76.38,62.35,3.66,16.71,76.3,62.16,7195.3,3.97,Top ROI,Don’t miss out,Extended warranty,Inspirational,"Showcasing innovative technology, Demonstrating ease of use, Showcasing behind-the-scenes content, Targeting young professionals",video
178,4ee5c8c2,Campaign_3382,Twitter,2023-08-18,2023-11-06,2655,31.41,69.53,34.04,7.61,42.8,93.05,49412.03,3.62,Top ROI,Early bird discount,20% off,Humorous,"Featuring influencer endorsements, Emphasizing product versatility, Highlighting budget-friendly options, Focusing on family-oriented benefits",static
179,539464a2,Campaign_4120,Facebook,2023-06-19,2023-08-25,1635,60.22,40.28,24.28,9.06,39.1,21.57,37861.42,2.87,Top ROI,Exclusive for members,Buy one get one free,Urgent,"Emphasizing premium quality, Focusing on health and wellness benefits, Highlighting budget-friendly options, Demonstrating step-by-step tutorials",carousel
180,66c43bf6,Campaign_3791,Google Ads,2023-07-18,2023-09-24,8328,77.78,54.46,15.67,11.86,29.4,30.02,24048.08,-0.28,Low ROI,Exclusive for members,Free shipping,Motivational,"Highlighting budget-friendly options, Highlighting eco-friendly products, Showcasing innovative technology, Showcasing behind-the-scenes content",carousel
181,8025bac5,Campaign_9601,LinkedIn,2023-07-06,2023-09-23,4160,42.53,35.77,20.43,3.93,60.6,85.24,29297.77,3.28,Top ROI,Join now and save,Early access,Motivational,"Highlighting premium customer support, Showcasing customization features, Highlighting long-term cost savings, Highlighting limited-time offers",carousel
182,39df7827,Campaign_3529,Facebook,2023-07-08,2023-07-25,6603,11.37,19.91,45.6,16.61,46.4,75.15,8207.85,2.93,Top ROI,Early bird discount,Lifetime access,Urgent,"Highlighting budget-friendly options, Promoting exclusive membership benefits, Highlighting premium customer support, Promoting fast delivery services",static
183,c459f7b8,Campaign_1706,Instagram,2023-08-03,2023-09-26,5237,45.8,69.03,21.87,8.28,77.3,49.41,29696.74,3.58,Top ROI,Join now and save,Cashback offer,Humorous,"Showcasing innovative technology, Promoting fast delivery services, Highlighting eco-friendly products, Encouraging community engagement",video
184,0fa1e521,Campaign_7586,Twitter,2023-09-08,2023-12-02,7308,30.21,60.41,4.44,2.85,43.8,76.19,29075.77,1.79,Top ROI,Unlock your potential,Early access,Reassuring,"Showcasing behind-the-scenes content, Emphasizing premium quality, Highlighting limited-time offers, Highlighting eco-friendly products",carousel
185,18d6d87c,Campaign_8680,Google Ads,2023-06-02,2023-08-27,4926,23.24,60.82,7.33,2.77,39.7,55.87,33782.43,0.34,Low ROI,Limited time offer,20% off,Educational,"Highlighting award-winning status, Encouraging community engagement, Showcasing behind-the-scenes content, Demonstrating step-by-step tutorials",static
186,c3026839,Campaign_7044,Instagram,2023-03-27,2023-05-20,5483,26.11,60.42,22.21,4.84,37.0,95.24,19415.75,2.38,Top ROI,Limited time offer,20% off,Educational,"Highlighting award-winning status, Showcasing behind-the-scenes content, Emphasizing premium quality, Demonstrating ease of use",video
187,d65bdfa2,Campaign_5768,Google Ads,2023-10-08,2023-12-15,3412,28.65,20.28,11.29,12.03,25.6,45.29,38347.2,1.92,Top ROI,Free trial available,Early access,Motivational,"Promoting charitable contributions, Highlighting eco-friendly products, Focusing on family-oriented benefits, Focusing on health and wellness benefits",video
188,516a79c3,Campaign_1799,Google Ads,2023-07-19,2023-10-08,4884,71.46,46.81,28.21,7.51,-5.9,50.43,14286.69,4.07,Top ROI,Free trial available,Buy one get one free,Motivational,"Highlighting long-term cost savings, Highlighting eco-friendly products, Showcasing customization features, Showcasing customer success stories",video
189,fbbf321c,Campaign_5924,Twitter,2023-04-14,2023-06-25,8808,37.94,29.92,36.67,16.28,47.8,60.68,9537.15,2.34,Top ROI,Free trial available,Lifetime access,Reassuring,"Highlighting limited-time offers, Emphasizing product versatility, Demonstrating step-by-step tutorials, Targeting young professionals",static
190,6dca53a7,Campaign_9191,Facebook,2023-10-04,2023-10-15,479,65.5,47.23,8.92,6.85,78.9,20.46,9029.97,4.64,Top ROI,Join now and save,Extended warranty,Motivational,"Showcasing behind-the-scenes content, Demonstrating ease of use, Highlighting long-term cost savings, Encouraging community engagement",carousel
191,1c1a2e33,Campaign_1072,LinkedIn,2023-03-25,2023-06-10,511,25.78,10.2,21.96,14.66,74.9,10.21,45427.23,4.17,Top ROI,Don’t miss out,First month free,Humorous,"Highlighting budget-friendly options, Focusing on family-oriented benefits, Highlighting long-term cost savings, Encouraging community engagement",static
192,c352952a,Campaign_6619,Google Ads,2023-05-19,2023-06-14,5867,37.42,35.44,11.34,7.22,27.7,95.78,46200.98,0.58,Low ROI,Unlock your potential,First month free,Motivational,"Emphasizing product versatility, Promoting charitable contributions, Showcasing innovative technology, Featuring influencer endorsements",carousel
193,8ded42f7,Campaign_6429,Instagram,2023-05-22,2023-08-15,9215,79.23,56.53,8.69,11.93,36.2,28.58,21881.71,-0.32,Low ROI,Special launch deal,Buy one get one free,Reassuring,"Highlighting budget-friendly options, Highlighting limited-time offers, Showcasing innovative technology, Focus on time-saving features",carousel
194,9c386904,Campaign_8098,Facebook,2023-09-06,2023-11-13,1055,24.68,59.67,11.79,6.51,30.7,14.81,11348.14,1.01,Low ROI,Upgrade today,Lifetime access,Motivational,"Promoting seasonal discounts, Targeting young professionals, Showcasing innovative technology, Highlighting long-term cost savings",video
195,8d656ee0,Campaign_2172,Facebook,2023-06-15,2023-08-04,2188,60.42,45.13,21.03,10.53,45.5,39.23,42980.31,4.54,Top ROI,Upgrade today,Early access,Educational,"Focusing on family-oriented benefits, Promoting charitable contributions, Showcasing customer success stories, Targeting young professionals",video
196,db8c442e,Campaign_4260,Instagram,2023-02-01,2023-03-28,5664,11.37,9.79,45.18,5.15,20.7,30.6,5627.28,2.64,Top ROI,Early bird discount,Free upgrade,Educational,"Targeting young professionals, Promoting exclusive membership benefits, Demonstrating step-by-step tutorials, Highlighting budget-friendly options",video
197,55bd4810,Campaign_6937,Facebook,2023-06-05,2023-07-18,7928,72.96,15.72,14.03,12.79,41.5,68.44,49007.0,2.44,Top ROI,Boost your career,Lifetime access,Humorous,"Promoting charitable contributions, Showcasing customer success stories, Promoting exclusive membership benefits, Showcasing behind-the-scenes content",carousel
198,dbaa6541,Campaign_2749,Google Ads,2023-09-03,2023-09-15,2438,46.95,20.72,2.4,16.16,39.5,92.87,15567.28,1.26,Low ROI,Early bird discount,First month free,Urgent,"Showcasing customer success stories, Emphasizing product versatility, Highlighting eco-friendly products, Focus on time-saving features",static
199,33e42745,Campaign_5744,Instagram,2023-08-19,2023-09-03,7476,23.21,46.97,42.72,19.38,79.7,16.13,12695.43,4.58,Top ROI,Exclusive for members,Cashback offer,Humorous,"Focus on time-saving features, Promoting seasonal discounts, Focusing on family-oriented benefits, Promoting charitable contributions",static
200,6e80be09,Campaign_2948,Twitter,2023-03-16,2023-05-07,4576,32.62,22.4,20.2,15.2,3.7,94.2,46460.16,0.65,Low ROI,Special launch deal,Buy one get one free,Educational,"Focus on time-saving features, Highlighting long-term cost savings, Highlighting premium customer support, Showcasing behind-the-scenes content",carousel
201,4060eddd,Campaign_5972,Twitter,2023-08-17,2023-10-27,8120,50.36,24.12,35.83,18.16,54.5,33.23,18879.15,4.55,Top ROI,Special launch deal,Free upgrade,Motivational,"Showcasing customization features, Emphasizing premium quality, Encouraging community engagement, Promoting fast delivery services",carousel
202,7af50390,Campaign_5726,LinkedIn,2023-06-09,2023-08-11,4537,49.32,44.4,40.34,7.25,54.2,86.88,38768.65,4.29,Top ROI,Special launch deal,Free upgrade,Urgent,"Encouraging community engagement, Demonstrating ease of use, Promoting charitable contributions, Highlighting premium customer support",static
203,15d09ba9,Campaign_3774,Google Ads,2023-03-11,2023-04-29,4347,57.94,49.65,15.71,4.02,6.3,67.2,42793.91,1.32,Low ROI,Special launch deal,Buy one get one free,Humorous,"Focusing on family-oriented benefits, Demonstrating step-by-step tutorials, Targeting young professionals, Showcasing innovative technology",carousel
204,acde4ac6,Campaign_6684,Instagram,2023-05-09,2023-08-02,2494,56.27,25.83,27.85,19.93,0.5,16.66,20426.96,2.32,Top ROI,Unlock your potential,Cashback offer,Reassuring,"Focusing on family-oriented benefits, Highlighting eco-friendly products, Promoting exclusive membership benefits, Highlighting premium customer support",video
205,7e17be36,Campaign_2574,Google Ads,2023-04-23,2023-07-14,8731,75.22,6.1,30.2,11.76,59.1,45.01,17408.58,1.54,Top ROI,Upgrade today,Buy one get one free,Educational,"Highlighting eco-friendly products, Encouraging community engagement, Demonstrating ease of use, Showcasing customer success stories",video
206,037a9bde,Campaign_6287,Instagram,2023-01-07,2023-01-19,4877,45.73,29.01,10.14,5.36,48.0,62.0,2493.47,2.59,Top ROI,Special launch deal,First month free,Urgent,"Highlighting eco-friendly products, Promoting exclusive membership benefits, Showcasing customization features, Focus on time-saving features",video
207,d35a3ecf,Campaign_1305,Twitter,2023-07-12,2023-07-26,9813,76.7,30.24,18.21,9.12,28.2,62.66,18906.45,4.57,Top ROI,Upgrade today,Extended warranty,Motivational,"Demonstrating ease of use, Highlighting premium customer support, Showcasing customer success stories, Focus on time-saving features",static
208,baeeda0c,Campaign_5767,Twitter,2023-07-15,2023-09-14,5429,47.57,27.44,17.54,5.36,76.6,26.22,21621.14,-0.41,Low ROI,Early bird discount,Cashback offer,Reassuring,"Highlighting premium customer support, Demonstrating ease of use, Focus on time-saving features, Showcasing innovative technology",static
209,48d29e7d,Campaign_3055,Facebook,2023-03-08,2023-05-28,1544,67.66,12.99,8.75,16.38,78.0,56.64,3057.32,3.41,Top ROI,Limited time offer,First month free,Educational,"Featuring influencer endorsements, Highlighting eco-friendly products, Promoting seasonal discounts, Promoting fast delivery services",video
210,ef77c54d,Campaign_5095,Google Ads,2023-09-10,2023-10-09,3794,31.55,53.42,45.82,9.47,39.9,24.43,36986.69,3.38,Top ROI,Join now and save,Exclusive bonus,Motivational,"Promoting charitable contributions, Highlighting limited-time offers, Focus on time-saving features, Showcasing customer success stories",static
211,5dca70eb,Campaign_6157,Instagram,2023-08-17,2023-10-06,1151,75.08,19.79,21.2,3.93,51.9,12.36,36692.55,1.13,Low ROI,Limited time offer,Free shipping,Humorous,"Encouraging community engagement, Featuring influencer endorsements, Focusing on health and wellness benefits, Promoting fast delivery services",static
212,93283709,Campaign_4672,Google Ads,2023-03-05,2023-04-23,3570,71.14,5.87,23.24,16.29,24.1,78.74,9080.07,1.51,Top ROI,Boost your career,Exclusive bonus,Educational,"Promoting charitable contributions, Focusing on family-oriented benefits, Targeting young professionals, Featuring influencer endorsements",static
213,9e5e3950,Campaign_5366,Google Ads,2023-04-09,2023-05-13,6858,35.0,47.39,14.53,11.89,40.9,59.4,30882.06,-0.13,Low ROI,Don’t miss out,Exclusive bonus,Motivational,"Focusing on family-oriented benefits, Emphasizing premium quality, Focusing on health and wellness benefits, Highlighting premium customer support",static
214,148a46af,Campaign_8715,Google Ads,2023-01-30,2023-03-25,5723,52.2,64.49,38.87,6.64,40.4,42.22,49371.78,1.17,Low ROI,Unlock your potential,Free upgrade,Humorous,"Highlighting award-winning status, Highlighting budget-friendly options, Promoting exclusive membership benefits, Highlighting limited-time offers",carousel
215,90f37287,Campaign_4938,Instagram,2023-08-13,2023-09-06,3865,53.81,64.03,11.06,10.37,21.9,50.87,37127.78,0.18,Low ROI,Exclusive for members,Cashback offer,Inspirational,"Demonstrating step-by-step tutorials, Promoting exclusive membership benefits, Promoting charitable contributions, Focus on time-saving features",carousel
216,c146949d,Campaign_3991,Instagram,2023-10-13,2023-12-27,7331,57.27,61.85,46.92,3.85,1.1,14.5,2634.94,1.97,Top ROI,Free trial available,Lifetime access,Educational,"Promoting fast delivery services, Demonstrating ease of use, Focusing on family-oriented benefits, Targeting young professionals",carousel
217,2ce5e7cd,Campaign_8305,LinkedIn,2023-06-30,2023-07-22,5445,57.03,19.18,1.62,7.58,72.1,98.62,8238.53,1.68,Top ROI,Exclusive for members,Cashback offer,Motivational,"Demonstrating step-by-step tutorials, Showcasing innovative technology, Highlighting limited-time offers, Demonstrating ease of use",carousel
218,e68dcc1b,Campaign_7695,Twitter,2023-03-07,2023-05-07,3345,74.43,23.7,20.25,1.66,47.6,39.41,26205.26,1.79,Top ROI,Unlock your potential,Extended warranty,Urgent,"Highlighting premium customer support, Targeting young professionals, Emphasizing product versatility, Promoting seasonal discounts",carousel
219,031e93e1,Campaign_4130,LinkedIn,2023-06-29,2023-07-15,4970,57.28,29.69,6.25,1.88,4.2,11.18,42639.18,1.85,Top ROI,Special launch deal,Extended warranty,Educational,"Highlighting eco-friendly products, Focusing on family-oriented benefits, Encouraging community engagement, Highlighting limited-time offers",video
220,5998ef45,Campaign_7824,Google Ads,2023-07-17,2023-09-15,483,48.59,14.43,47.96,15.17,59.0,61.21,37413.19,1.81,Top ROI,Don’t miss out,20% off,Urgent,"Showcasing behind-the-scenes content, Highlighting award-winning status, Showcasing innovative technology, Demonstrating ease of use",static
221,dfb91faa,Campaign_2351,Instagram,2023-07-08,2023-09-29,9213,18.87,50.92,6.96,10.59,70.6,63.94,40237.17,-0.13,Low ROI,Boost your career,Free shipping,Reassuring,"Focusing on family-oriented benefits, Demonstrating ease of use, Showcasing innovative technology, Emphasizing premium quality",static
222,77614247,Campaign_9366,Google Ads,2023-08-21,2023-09-23,5247,76.94,33.23,9.46,4.17,74.3,55.97,43931.75,2.27,Top ROI,Early bird discount,Buy one get one free,Reassuring,"Highlighting long-term cost savings, Showcasing customer success stories, Emphasizing product versatility, Targeting young professionals",carousel
223,8a9e9280,Campaign_6141,Facebook,2023-09-13,2023-11-20,2835,22.75,38.22,1.18,2.78,39.7,13.41,28881.46,0.85,Low ROI,Early bird discount,Early access,Urgent,"Emphasizing premium quality, Showcasing customer success stories, Emphasizing product versatility, Promoting exclusive membership benefits",static
224,d03456c4,Campaign_7692,LinkedIn,2023-06-29,2023-09-20,4944,75.43,46.24,43.64,11.15,62.0,26.54,38995.62,1.48,Low ROI,Limited time offer,20% off,Reassuring,"Emphasizing product versatility, Demonstrating ease of use, Highlighting award-winning status, Promoting seasonal discounts",carousel
225,1f8395ec,Campaign_5476,LinkedIn,2023-06-14,2023-07-06,7776,14.87,13.84,2.87,17.88,75.6,88.62,3363.27,0.09,Low ROI,Exclusive for members,Lifetime access,Educational,"Promoting seasonal discounts, Demonstrating ease of use, Highlighting limited-time offers, Focusing on health and wellness benefits",static
226,c98a57a5,Campaign_6240,Twitter,2023-01-19,2023-02-25,3827,10.62,41.25,41.82,9.32,0.9,81.46,11244.62,4.18,Top ROI,Boost your career,Lifetime access,Urgent,"Featuring influencer endorsements, Promoting charitable contributions, Focusing on health and wellness benefits, Focus on time-saving features",static
227,efeba2a4,Campaign_5442,Twitter,2023-04-07,2023-06-18,3636,60.46,49.41,21.77,2.16,6.4,74.11,20550.52,1.52,Top ROI,Upgrade today,First month free,Reassuring,"Demonstrating ease of use, Showcasing customization features, Focusing on family-oriented benefits, Promoting seasonal discounts",static
228,4f7f2797,Campaign_6499,Twitter,2023-02-06,2023-03-20,7837,44.62,32.38,7.69,1.66,74.5,58.64,35103.02,2.26,Top ROI,Upgrade today,20% off,Humorous,"Highlighting eco-friendly products, Highlighting premium customer support, Showcasing customization features, Showcasing customer success stories",static
229,e83a1894,Campaign_4237,Google Ads,2023-03-01,2023-04-03,2990,18.81,51.72,23.91,6.17,37.6,69.82,24107.57,-0.41,Low ROI,Unlock your potential,20% off,Inspirational,"Promoting charitable contributions, Highlighting limited-time offers, Showcasing innovative technology, Demonstrating ease of use",video
230,2d3c3ee2,Campaign_6127,Google Ads,2023-04-11,2023-04-27,2782,38.9,42.34,11.67,11.88,44.0,74.98,27911.44,3.25,Top ROI,Unlock your potential,Buy one get one free,Inspirational,"Highlighting long-term cost savings, Targeting young professionals, Showcasing customization features, Promoting exclusive membership benefits",carousel
231,e7605f22,Campaign_7662,Google Ads,2023-10-14,2023-12-22,9134,53.4,47.36,1.02,19.82,4.9,72.22,27106.74,1.11,Low ROI,Boost your career,Cashback offer,Urgent,"Highlighting budget-friendly options, Focusing on family-oriented benefits, Focusing on health and wellness benefits, Promoting charitable contributions",video
232,4bf65e0a,Campaign_8590,Instagram,2023-03-28,2023-05-02,1487,75.59,17.7,10.33,13.31,9.5,53.61,25101.75,3.24,Top ROI,Don’t miss out,Buy one get one free,Urgent,"Highlighting premium customer support, Targeting young professionals, Demonstrating ease of use, Demonstrating step-by-step tutorials",video
233,adb3ff2c,Campaign_9988,LinkedIn,2023-03-21,2023-06-11,3106,59.16,23.72,17.57,19.47,26.0,95.66,38419.13,4.02,Top ROI,Don’t miss out,First month free,Humorous,"Showcasing behind-the-scenes content, Highlighting long-term cost savings, Promoting exclusive membership benefits, Focusing on family-oriented benefits",video
234,8c7fe838,Campaign_2214,Instagram,2023-10-11,2023-10-21,353,18.25,40.08,45.92,14.87,55.8,74.86,40878.96,3.01,Top ROI,Special launch deal,First month free,Inspirational,"Promoting charitable contributions, Highlighting premium customer support, Encouraging community engagement, Highlighting award-winning status",carousel
235,34242200,Campaign_8606,Instagram,2023-08-15,2023-09-26,9228,17.28,33.84,42.35,10.19,44.8,14.83,13240.23,2.23,Top ROI,Boost your career,First month free,Urgent,"Targeting young professionals, Promoting seasonal discounts, Focusing on health and wellness benefits, Emphasizing product versatility",carousel
236,fac0340a,Campaign_9415,LinkedIn,2023-07-12,2023-09-30,5594,73.95,17.46,13.04,2.47,44.6,47.5,38829.62,4.71,Top ROI,Special launch deal,Free shipping,Educational,"Promoting charitable contributions, Encouraging community engagement, Emphasizing premium quality, Promoting seasonal discounts",carousel
237,5a9d2f35,Campaign_7179,Google Ads,2023-09-06,2023-10-18,7618,32.94,13.63,18.88,10.17,10.1,45.56,35878.75,3.63,Top ROI,Upgrade today,Extended warranty,Motivational,"Focusing on health and wellness benefits, Featuring influencer endorsements, Focus on time-saving features, Promoting seasonal discounts",carousel
238,0d4812e1,Campaign_6772,Facebook,2023-10-19,2023-12-17,9250,69.93,11.5,15.02,16.91,3.8,46.6,38504.58,4.85,Top ROI,Free trial available,Exclusive bonus,Inspirational,"Showcasing behind-the-scenes content, Promoting fast delivery services, Highlighting budget-friendly options, Promoting seasonal discounts",carousel
239,cd7970cc,Campaign_4410,Facebook,2023-01-29,2023-03-23,8884,60.22,57.15,10.61,5.84,76.5,55.96,2980.0,4.27,Top ROI,Limited time offer,20% off,Humorous,"Showcasing customization features, Emphasizing premium quality, Focusing on family-oriented benefits, Promoting exclusive membership benefits",carousel
240,696499c9,Campaign_6607,Instagram,2023-08-11,2023-09-23,3799,56.88,21.47,21.17,3.42,26.1,67.03,3938.5,1.05,Low ROI,Limited time offer,Early access,Humorous,"Focus on time-saving features, Targeting young professionals, Highlighting award-winning status, Promoting seasonal discounts",carousel
241,73973272,Campaign_7272,LinkedIn,2023-02-28,2023-05-11,3216,76.15,25.59,48.35,8.46,58.9,25.53,1747.0,0.51,Low ROI,Early bird discount,20% off,Humorous,"Emphasizing premium quality, Highlighting eco-friendly products, Encouraging community engagement, Highlighting award-winning status",video
242,30a73c1f,Campaign_1896,Google Ads,2023-09-18,2023-10-18,4349,17.74,14.64,45.87,10.79,46.9,4.76,10657.25,1.15,Low ROI,Early bird discount,Cashback offer,Inspirational,"Emphasizing premium quality, Highlighting limited-time offers, Promoting charitable contributions, Promoting seasonal discounts",carousel
243,0b06c576,Campaign_4259,Twitter,2023-04-28,2023-06-06,2522,39.81,46.4,7.6,11.04,38.5,97.69,35837.47,0.03,Low ROI,Limited time offer,Free upgrade,Motivational,"Showcasing customer success stories, Highlighting eco-friendly products, Highlighting long-term cost savings, Highlighting premium customer support",static
244,69a6af29,Campaign_9488,Facebook,2023-09-15,2023-10-02,733,77.21,23.01,26.66,9.8,20.4,5.25,7978.79,-0.12,Low ROI,Upgrade today,Buy one get one free,Reassuring,"Showcasing customization features, Showcasing customer success stories, Promoting seasonal discounts, Showcasing innovative technology",carousel
245,1adb7947,Campaign_9186,Twitter,2023-01-27,2023-02-09,3829,67.15,65.7,15.7,12.5,34.9,69.76,37400.9,1.79,Top ROI,Early bird discount,Free upgrade,Humorous,"Targeting young professionals, Highlighting eco-friendly products, Highlighting award-winning status, Focus on time-saving features",static
246,71b14160,Campaign_1051,Instagram,2023-06-11,2023-09-03,775,37.67,53.39,18.94,7.24,20.7,29.19,43421.44,0.0,Low ROI,Join now and save,Lifetime access,Urgent,"Promoting charitable contributions, Showcasing innovative technology, Promoting seasonal discounts, Encouraging community engagement",static
247,62069983,Campaign_8480,Twitter,2023-10-22,2023-11-13,5287,15.74,67.29,23.74,19.85,-5.0,31.6,11903.01,2.66,Top ROI,Early bird discount,Buy one get one free,Reassuring,"Showcasing behind-the-scenes content, Highlighting limited-time offers, Emphasizing product versatility, Demonstrating step-by-step tutorials",video
248,212be807,Campaign_1339,Facebook,2023-02-18,2023-04-04,843,11.76,20.49,46.96,9.75,72.9,35.59,5209.57,-0.41,Low ROI,Boost your career,First month free,Reassuring,"Highlighting budget-friendly options, Focus on time-saving features, Highlighting award-winning status, Showcasing innovative technology",carousel
249,59e1f447,Campaign_2289,Google Ads,2023-09-26,2023-11-06,4287,15.62,26.27,9.38,18.35,71.4,3.28,32520.33,-0.35,Low ROI,Don’t miss out,First month free,Reassuring,"Highlighting long-term cost savings, Featuring influencer endorsements, Promoting charitable contributions, Showcasing behind-the-scenes content",carousel
